house,max_prob,long_house,lat_house,flag
house_leak165,0.996,18.141326017834118,59.36098101116217,Yes
house_leak168,0.94,18.044336450719157,59.265473690037176,Yes
house_leak176,0.352,17.954600393618342,59.33517496291526,No
house_leak180,0.986,17.955069681353383,59.329370010631834,Yes
house_leak184,0.99,18.140930727415498,59.36958980968766,Yes
house_leak186,0.986,18.061166071698487,59.447860014862044,Yes
house_leak192,0.966,17.9551177531435,59.33707959762161,Yes
house_leak195,0.918,18.14535654135446,59.361336200340986,Yes
house_leak199,0.98,17.95483304662621,59.325422857918596,Yes
house_leak209,0.92,18.066283917028198,59.44979523642428,Yes
house_leak210,0.404,18.149927624828276,59.35418167215616,No
house_leak24,0.984,18.047175027084755,59.26375506602462,Yes
house_leak246,0.99,17.996078530888795,59.280958208995735,Yes
house_leak252,0.966,18.148306458089234,59.360725291243355,Yes
house_leak257,0.692,17.98651465411676,59.279230009237374,Yes
house_leak265,0.99,18.065899104351786,59.44518491416309,Yes
house_leak277,0.978,18.148123817997103,59.359198408568574,Yes
house_leak278,0.972,18.04676202861325,59.26313138465292,Yes
house_leak28,1,18.048609275284374,59.26298056802979,Yes
house_leak292,0.562,18.145717376355165,59.368598422439206,Yes
house_leak300,0.988,17.995429142475803,59.28749746275198,Yes
house_leak317,0.96,18.147203117033857,59.3516333355677,Yes
house_leak319,0.996,18.1383884756499,59.36440716209273,Yes
house_leak324,0.984,17.98851787825353,59.286552866859026,Yes
house_leak325,0.984,17.950403192534385,59.33390426904192,Yes
house_leak330,0.992,18.064662207828693,59.44223604186364,Yes
house_leak333,1,17.99486761234386,59.28541734753272,Yes
house_leak335,0.484,18.04959678580177,59.26029360590302,No
house_leak336,0.992,18.047913820967956,59.26458029715206,Yes
house_leak343,0.998,17.99531278311859,59.27401086318777,Yes
house_leak346,0.998,18.049821644281835,59.258876673756916,Yes
house_leak350,0.848,18.04778322526163,59.26733107670007,Yes
house_leak360,0.976,18.152814755598726,59.36477117203907,Yes
house_leak374,0.782,17.957765970510692,59.32870257182812,Yes
house_leak379,0.994,17.993123202005705,59.28964714571121,Yes
house_leak384,1,18.044243521064995,59.271656019212436,Yes
house_leak387,1,17.98940251857939,59.28253410847897,Yes
house_leak389,0.976,18.06477483858356,59.442204251570935,Yes
house_leak40,0.968,18.045861234632856,59.261930897980506,Yes
house_leak406,0.582,18.152708278366752,59.36140187504563,Yes
house_leak422,0.968,17.946506809682933,59.32556665973061,Yes
house_leak432,0.88,17.959104470920295,59.32627218425729,Yes
house_leak437,0.394,18.064999783167828,59.44587605811062,No
house_leak445,0.922,17.992119066841095,59.28876013367091,Yes
house_leak448,0.754,17.952323747203025,59.32414953669821,Yes
house_leak463,0.998,18.14824090876105,59.364371330282935,Yes
house_leak464,0.484,17.9866030202985,59.288846789194224,No
house_leak466,0.73,17.961425045546406,59.335599123182426,Yes
house_leak477,0.994,18.044659747898603,59.26862463501694,Yes
house_leak484,0.636,18.063444159121754,59.44883460300478,Yes
house_leak492,1,17.994494152436285,59.2796615137529,Yes
house_leak496,1,18.06245994349561,59.45141401786676,Yes
house_leak497,0.606,17.958622663600657,59.33841105103626,Yes
house_leak5,1,18.06361720570713,59.44215615696452,Yes
house_leak522,0.758,18.039067664333185,59.271750309999334,Yes
house_leak535,0.612,18.046815964632582,59.27164922508445,Yes
house_leak541,0.988,18.147178844530142,59.36180107507974,Yes
house_leak55,0.974,18.143038837365815,59.36388066276925,Yes
house_leak551,0.96,18.149429266302203,59.351716895428666,Yes
house_leak571,0.942,18.047451602107465,59.26283919917277,Yes
house_leak575,0.948,17.955667379352743,59.32284558294629,Yes
house_leak577,0.986,17.95152739075315,59.33221611903461,Yes
house_leak598,1,18.05197499959327,59.27314677328324,Yes
house_leak61,0.798,17.94828505650262,59.33600416662681,Yes
house_leak635,0.848,18.0655392214179,59.44889734898363,Yes
house_leak639,0.998,17.986837320884455,59.2827787128355,Yes
house_leak670,0.968,17.957467325799215,59.330048936441614,Yes
house_leak693,0.998,17.949800035890423,59.33047797312119,Yes
house_leak706,1,17.989888319957068,59.280044450796204,Yes
house_leak717,1,17.948585197360526,59.32138954407618,Yes
house_leak72,0.956,18.04526168287373,59.25701308585814,Yes
house_leak726,0.898,18.14866406942634,59.35877158157893,Yes
house_leak738,0.974,17.997217934801295,59.29069437515176,Yes
house_leak742,1,18.143785017645403,59.36593763319497,Yes
house_leak744,1,17.990504417071822,59.28080966895157,Yes
house_leak746,0.988,18.072519219843045,59.442984178851134,Yes
house_leak754,0.982,18.068166842480366,59.43709922887724,Yes
house_leak760,0.748,17.997697478328263,59.28509347471924,Yes
house_leak765,0.98,18.142452489285123,59.36332829144673,Yes
house_leak768,0.478,18.141870222207274,59.362623214094086,No
house_leak771,0.484,17.998266122462752,59.29266069891425,No
house_leak772,0.998,18.043946802080857,59.27209010660667,Yes
house_leak776,0.964,18.147310883516713,59.35341951855422,Yes
house_leak794,0.99,18.068592731853695,59.441166853266466,Yes
house_leak801,1,18.067893237965375,59.44285782172318,Yes
house_leak808,0.674,17.99091595588455,59.28307109023096,Yes
house_leak839,0.968,17.95912293096055,59.32795522657637,Yes
house_leak856,1,18.045137953633926,59.263676058038236,Yes
house_leak857,0.998,17.99296409305982,59.29164931823106,Yes
house_leak859,1,18.049005717240302,59.267008363520496,Yes
house_leak868,0.884,17.950475096844016,59.33216449072987,Yes
house_leak87,0.998,18.14375946113756,59.3565691247605,Yes
house_leak881,0.528,17.956606299607895,59.326784865148674,Yes
house_leak9,0.984,18.04680265674349,59.267628187559126,Yes
house_leak901,0.992,17.964023385186767,59.325147130776394,Yes
house_leak905,1,18.059207400720794,59.440493530111475,Yes
house_leak910,0.982,18.142967207979467,59.362670902349215,Yes
house_leak913,1,18.06736391537525,59.44318174195442,Yes
house_leak917,0.626,18.144818840419898,59.35741313842775,Yes
house_leak941,0.634,18.052045772019678,59.260228819812056,Yes
house_leak942,0.966,18.04930614034498,59.26771032738283,Yes
house_leak961,0.938,17.94496624435483,59.32942643447554,Yes
house_leak968,0.992,17.951334975094934,59.32458394133241,Yes
house_leak985,0.99,18.065100340853963,59.44806358162605,Yes
house_leak990,0.876,18.140984846377254,59.36642468264703,Yes
house_leak995,0.856,17.95199170404347,59.32443578060208,Yes
house_leak998,1,18.14021630829364,59.35467657268423,Yes
house1,0.004,18.059715013299755,59.443834488973984,No
house10,0.01,18.069895706909907,59.44448914399195,No
house100,0.01,18.039547301202806,59.26422336112487,No
house1000,0.006,18.138974545967024,59.35776256709901,No
house101,0.006,18.144225492407262,59.359762848653304,No
house102,0.01,17.993175154320575,59.28835826956461,No
house103,0.016,17.998533236032266,59.288754733388394,No
house104,0.008,17.9846984525559,59.28845591793339,No
house105,0.062,17.949217995251402,59.328667118038005,No
house106,0.004,17.997419007021787,59.29119510666684,No
house107,0.006,18.05104481974243,59.26820085224993,No
house108,0.002,18.05330191194272,59.26313543497609,No
house109,0.004,17.944742046197085,59.324264155474225,No
house11,0.012,18.145968749044584,59.36053607057138,No
house110,0.004,17.94717080127632,59.32947515859099,No
house111,0.004,18.044005110609557,59.258270001826446,No
house112,0.02,18.14563518097212,59.36336607384861,No
house113,0.668,17.955704760928054,59.330289843818676,Yes
house114,0.056,17.992482737542794,59.29086611985559,No
house115,0.006,18.14438551557911,59.35881611308507,No
house116,0.002,17.99068644784299,59.29091684058396,No
house117,0.008,17.951378577197936,59.33032009172694,No
house118,0.338,17.994297344921655,59.28441515403224,No
house119,0.008,18.148095428424465,59.35787912062965,No
house12,0.008,18.044487709781578,59.26669206195928,No
house120,0.01,18.146836966740356,59.363130385019105,No
house121,0.046,18.046658287474873,59.26616664325888,No
house122,0.004,17.99501651873466,59.28096108126874,No
house123,0.014,18.14911827522797,59.35799903204702,No
house124,0.006,18.142116011721143,59.366882888970196,No
house125,0.01,18.14393323535368,59.35513645941025,No
house126,0.024,18.14648859151872,59.35815728136834,No
house127,0.004,18.042849564138166,59.263255592248626,No
house128,0.004,17.953409594956735,59.32206882756751,No
house129,0.01,17.992273494715203,59.27956962501254,No
house13,0.014,18.140038134468114,59.35919533691135,No
house130,0.004,18.14557140934429,59.358676156699424,No
house131,0.006,18.05850667689072,59.44815666664568,No
house132,0.016,17.951649543701848,59.334114337375716,No
house133,0.042,17.99149590806669,59.29791068949883,No
house134,0.01,18.056540159427886,59.26190004421439,No
house135,0.458,18.143643995724158,59.35940014741515,No
house136,0.016,17.990360149247866,59.29029167827993,No
house137,0.008,17.949122930443618,59.32861474178824,No
house138,0.134,18.06566607522332,59.442240901052664,No
house139,0.012,18.068661685641054,59.43867545342249,No
house14,0.03,18.066600498652505,59.438387969736304,No
house140,0.004,18.141085084810527,59.366856581944766,No
house141,0.038,18.07000637841855,59.4393528425138,No
house142,0.01,18.144490518386576,59.36047489254606,No
house143,0.01,17.990419788580432,59.289959442138574,No
house144,0.006,18.07029894485923,59.443527376998,No
house145,0.002,17.9528395114943,59.32191007600083,No
house146,0.008,18.14892142446317,59.360524938024675,No
house147,0.006,18.147023344156832,59.35889602686903,No
house148,0.026,17.994062370712143,59.28303432803495,No
house149,0.014,18.140830676451102,59.36918662230709,No
house15,0.026,17.996777288033194,59.287111790801255,No
house150,0.006,18.06734636215378,59.446366983436185,No
house151,0.004,17.95038950096158,59.324247129494886,No
house152,0.006,17.955243627476055,59.328358614382516,No
house153,0.006,18.06427074934437,59.43826877550242,No
house154,0.014,18.14806058204797,59.36260542632343,No
house155,0.012,18.144856621361818,59.359907445886435,No
house156,0.016,18.062065920142757,59.43942837895903,No
house157,0.004,18.064959525773297,59.44075111443974,No
house158,0.01,18.14280284443748,59.35874385513396,No
house159,0.698,17.99107829442386,59.29145917529996,Yes
house16,0.01,18.142196770520417,59.360943077476634,No
house160,0.048,18.06497042012845,59.44688184792096,No
house161,0.012,17.956225304833637,59.32858440880409,No
house162,0.004,18.049450098299154,59.25920637744751,No
house163,0.02,18.041026940335914,59.26277513575811,No
house164,0.042,17.998544197583946,59.281144443891044,No
house166,0.004,17.953940337328856,59.33688352297861,No
house167,0.01,18.040232695093692,59.273134439041996,No
house169,0.006,18.040257952701577,59.26198325569715,No
house17,0.01,18.066285931454146,59.43991143565063,No
house170,0.122,17.962748264813868,59.32510034666406,No
house171,0.006,18.14076864518123,59.36073818048017,No
house172,0.01,17.95155855587739,59.33201287641466,No
house173,0.04,18.144316538627802,59.36005006508312,No
house174,0.016,18.047369078480063,59.2649066894429,No
house175,0.006,18.068566467098506,59.445486528934374,No
house177,0.264,17.9552270616262,59.326815023653594,No
house178,0.004,18.045881083105694,59.256797859791675,No
house179,0.006,18.06723622707075,59.4442077760315,No
house18,0.01,17.998066414825065,59.27739008414176,No
house181,0.01,17.950357236897105,59.329346987268146,No
house182,0.004,17.996561532996203,59.28572765990974,No
house183,0.004,18.070463564720622,59.43937966999629,No
house185,0.006,17.96010741512235,59.33306845806539,No
house187,0.02,18.068807933840883,59.45134914034411,No
house188,0.006,17.98947622052897,59.29018286153314,No
house189,0.012,17.955502521852782,59.33506915797388,No
house19,0.61,18.064422442897243,59.43779525727771,Yes
house190,0.002,17.95437616524673,59.33176777088697,No
house191,0.006,18.06557212530038,59.44779271973397,No
house193,0.032,18.044086089556654,59.269991440483174,No
house194,0.006,18.144551079630993,59.35517704311714,No
house196,0.006,18.060363448734723,59.44487791536562,No
house197,0.004,18.06722877910936,59.44303404862768,No
house198,0.002,18.059510463691222,59.44210287844486,No
house2,0.016,17.952361605742798,59.331471248771756,No
house20,0.006,18.057717092624276,59.435835787326624,No
house200,0.06,18.14543046862009,59.35489249355335,No
house201,0.17,18.0658135967067,59.44704869103597,No
house202,0.022,17.996202188650905,59.289276924074144,No
house203,0.004,17.958829074557283,59.32656815489119,No
house204,0.018,17.942010344009553,59.33279381687825,No
house205,0.006,17.95372065470965,59.32669300340344,No
house206,0.018,18.04861778425608,59.26554025286193,No
house207,0.004,17.99360953397751,59.28766999905155,No
house208,0.004,18.142346408373662,59.35743290223365,No
house21,0.03,18.04790038693997,59.26261149870591,No
house211,0.008,18.04098359674591,59.26882194582904,No
house212,0.016,17.95463625051197,59.33112774812378,No
house213,0.006,18.147448990158022,59.357449464374724,No
house214,0.018,17.989038779686258,59.2872499791811,No
house215,0.004,18.0608795880744,59.44186807504902,No
house216,0.01,17.94386677782989,59.32886678245721,No
house217,0.006,17.9948010789549,59.280751463223005,No
house218,0.004,18.05341888234003,59.2672717294174,No
house219,0.01,17.994741071417657,59.293457397240054,No
house22,0.006,17.992620590131708,59.285629838266054,No
house220,0.022,17.947265302389237,59.326958454764,No
house221,0.018,18.150027049383613,59.35541251434491,No
house222,0.074,18.148089685364198,59.35521584883773,No
house223,0.008,18.065002633214927,59.453251431451136,No
house224,0.01,17.952372993622774,59.33268928930149,No
house225,0.018,18.13998540413583,59.36554390938789,No
house226,0.004,18.1468067315795,59.359072698743944,No
house227,0.006,18.049737435293647,59.25770901371586,No
house228,0.11,18.047246169883596,59.265572985696565,No
house229,0.012,18.148201416912915,59.357158439884124,No
house23,0.004,18.0685527094678,59.44529778396218,No
house230,0.032,17.991751346595937,59.28428777958352,No
house231,0.004,18.041993710677666,59.25787827745344,No
house232,0.026,18.069155529796014,59.446360556538615,No
house233,0.006,17.994679779623066,59.290263560788475,No
house234,0.006,18.05433969099292,59.262184264394165,No
house235,0.004,18.04209422203225,59.26877606095084,No
house236,0.08,17.954262106750832,59.32643915215126,No
house237,0.004,17.955695924516736,59.32729591165317,No
house238,0.008,18.14171714337627,59.36115419845607,No
house239,0.016,17.952086600776497,59.329385577207226,No
house240,0.002,17.994755481763406,59.28802840576706,No
house241,0.014,18.156833236267982,59.36420321484662,No
house242,0.03,17.991678109327516,59.28687598334171,No
house243,0.162,17.94722342977022,59.332871404807335,No
house244,0.006,18.147662768823036,59.35998949572561,No
house245,0.008,18.07104082041357,59.4448884761149,No
house247,0.102,18.048268194835625,59.26403815894505,No
house248,0.074,18.063944053711,59.43940047488366,No
house249,0.026,18.07049500168893,59.44543144860438,No
house25,0.004,18.14576463200797,59.365286661886664,No
house250,0.008,18.062463179230743,59.443195841150704,No
house251,0.008,18.06527334133435,59.44503556871619,No
house253,0.006,18.13903557920216,59.35763920264581,No
house254,0.008,18.14386311187852,59.36668300500199,No
house255,0.016,18.06500384897499,59.43878656570727,No
house256,0.008,17.99240298108374,59.28897945899345,No
house258,0.006,17.955013562160115,59.33016670290462,No
house259,0.022,18.053687241913178,59.26331328483021,No
house26,0.032,18.061471145770202,59.44404044706821,No
house260,0.006,18.141889346760628,59.361842483730676,No
house261,0.994,17.954875661614963,59.32949517870424,Yes
house262,0.01,18.062366756363286,59.45034697725265,No
house263,0.008,18.066422820654893,59.44616201045282,No
house264,0.128,17.9965859368868,59.2905525154709,No
house266,0.006,18.046586225213556,59.26889481419554,No
house267,0.01,17.954003766226574,59.33147093901531,No
house268,0.024,17.9509702162173,59.327036313244136,No
house269,0.008,18.14864896875164,59.35889958239394,No
house27,0.01,18.042897399582372,59.26195651465313,No
house270,0.004,18.046868021304167,59.26668775989832,No
house271,0.002,17.955601695462676,59.327354886354826,No
house272,0.008,18.144950469661737,59.358448817097,No
house273,0.006,18.055155161354953,59.26417366472309,No
house274,0.008,18.06545663620692,59.44425405700931,No
house275,0.364,18.06772338608534,59.442355135762185,No
house276,0.008,18.071912415004814,59.43449600518275,No
house279,0.008,18.066325396355893,59.44615750378111,No
house280,0.018,17.94817161564057,59.33083377492793,No
house281,0.036,17.988751053462252,59.2868074200347,No
house282,0.016,18.067856440379582,59.44929757364075,No
house283,0.006,18.06388558188927,59.441437351616166,No
house284,0.006,17.945338818804103,59.333554870579654,No
house285,0.02,17.989963911623793,59.28417190016477,No
house286,0.004,18.0368386145268,59.26623900992426,No
house287,0.038,18.045305864190926,59.273043572650586,No
house288,0.022,17.991752894638942,59.28146113380275,No
house289,0.17,18.066637392885998,59.43897978262199,No
house29,0.004,18.066069196789066,59.43995606662116,No
house290,0.008,17.998786756509066,59.28731330428943,No
house291,0.008,18.042315991259628,59.26459885263519,No
house293,0.01,18.047418235196186,59.2608237493704,No
house294,0.01,18.049197196667087,59.263920220824396,No
house295,0.044,17.989078836643124,59.286600874249416,No
house296,0.01,18.146220585738778,59.35299521285354,No
house297,0.006,18.07005201145583,59.445229237836344,No
house298,0.01,18.1468808801699,59.364268218877335,No
house299,0.008,17.99487031415984,59.29213927486657,No
house3,0.006,18.066783975395726,59.44080033068411,No
house30,0.008,17.95356261273891,59.323583375656476,No
house301,0.01,17.95060296626121,59.32722345798983,No
house302,0.022,18.14034503444314,59.36197634373093,No
house303,0.008,18.04995660389919,59.26323569485981,No
house304,0.014,18.141879104429933,59.36249527634973,No
house305,0.01,18.069786040688122,59.444211958995524,No
house306,0.006,18.14365657977804,59.35731725416755,No
house307,0.014,18.050192111316033,59.26785555975973,No
house308,0.006,17.993180839159017,59.28639990090005,No
house309,0.002,17.998955638184057,59.288322935880124,No
house31,0.01,17.948181729925338,59.330213875743176,No
house310,0.046,18.044974366426715,59.26577798563362,No
house311,0.102,18.144057700008986,59.360361248393765,No
house312,0.008,17.991700649460757,59.29215176260767,No
house313,0.05,18.053875146412782,59.443747863975965,No
house314,0.01,17.988582109198976,59.282601843804024,No
house315,0.004,18.0573272603364,59.443869302508006,No
house316,0.008,18.042428595024464,59.267446454337566,No
house318,0.046,18.04952842783145,59.27036464252013,No
house32,0.004,18.141080779649617,59.36044732775816,No
house320,0.008,17.994581377416218,59.28877806365045,No
house321,0.004,17.95173163985321,59.3281615668372,No
house322,0.038,17.952929572505834,59.32963601859248,No
house323,0.012,18.04988982619892,59.26797203044444,No
house326,0.136,18.141493159831313,59.36080117899936,No
house327,0.006,18.044657758627206,59.256046591674384,No
house328,0.006,18.15000835725469,59.36319584431934,No
house329,0.01,17.953814099583813,59.3238930596863,No
house33,0.012,18.14456193450766,59.36102952648877,No
house331,0.006,17.98998610612344,59.28476983919009,No
house332,0.016,18.065778468883305,59.43538149312814,No
house334,0.008,17.993252222687694,59.28600466940569,No
house337,0.006,17.954024570465215,59.32783670795513,No
house338,0.062,17.949618641992657,59.33079280128872,No
house339,0.012,17.988158430196265,59.28329113934744,No
house34,0.01,18.064395747453048,59.442201213075414,No
house340,0.006,17.95692577666004,59.32845756424607,No
house341,0.01,18.04813401682684,59.265865873960124,No
house342,0.01,18.145166189124176,59.35794406719712,No
house344,0.004,18.04630991435083,59.26256613209242,No
house345,0.006,17.990767266541532,59.288848397880685,No
house347,0.004,18.051948296803506,59.25600948903715,No
house348,0.008,17.991041268122835,59.29207623374062,No
house349,0.004,18.143585315154095,59.35715784395249,No
house35,0.004,17.996035768643214,59.289207366510794,No
house351,0.008,18.069754487004136,59.44721250572063,No
house352,0.034,18.0455610481145,59.268632147715806,No
house353,0.008,17.948529092976834,59.32852354857621,No
house354,0.042,17.951620633425897,59.32361790232312,No
house355,0.008,18.148016088682276,59.356875212995924,No
house356,0.008,17.99271144407099,59.28227386739188,No
house357,0.006,18.04824587365954,59.26896482606914,No
house358,0.006,17.957185202082332,59.325050649944366,No
house359,0.198,18.148114428037243,59.358442694849295,No
house36,0.006,18.148909582889104,59.35907143363683,No
house361,0.008,17.988993164362896,59.28744767943378,No
house362,0.02,17.960360205708895,59.32126517271149,No
house363,0.002,17.992468325091494,59.28578500707987,No
house364,0.258,17.95620369247875,59.32932933771786,No
house365,0.034,17.990763871407793,59.28844352761857,No
house366,0.018,18.039212135265696,59.26129125298671,No
house367,0.006,17.99272883292275,59.287208048794284,No
house368,0.004,17.956332502288987,59.327141446316105,No
house369,0.01,18.046202027971887,59.25975466432772,No
house37,0.01,17.989497735725454,59.28835855772686,No
house370,0.01,18.062845478548244,59.440036825916955,No
house371,0.006,17.953700783009456,59.323182595938285,No
house372,0.004,18.040882235926038,59.25989964355057,No
house373,0.004,17.95706252553724,59.33516729571582,No
house375,0.01,18.068667957253396,59.4489654465693,No
house376,0.004,18.068466351644272,59.438936894124964,No
house377,0.004,17.959877606675207,59.32980181186577,No
house378,0.01,18.0584030659088,59.26289964326424,No
house38,0.004,17.951002132428425,59.32383505816739,No
house380,0.008,18.143755457791837,59.360569687384,No
house381,0.012,17.95403302429487,59.32924968468382,No
house382,0.008,18.073030568969955,59.43417903688827,No
house383,0.964,17.99639125542496,59.28231247495621,Yes
house385,0.006,18.069515776715782,59.4426987091485,No
house386,0.468,17.99155951138888,59.28547918766617,No
house388,0.012,18.069600301910906,59.437254701170595,No
house39,0.01,17.996840633010592,59.279354348818956,No
house390,0.026,18.04310909232296,59.26828342514584,No
house391,0.004,17.949985380726545,59.328472096067806,No
house392,0.012,17.985784262800937,59.27578339510421,No
house393,0.186,18.143419202351833,59.35974338474751,No
house394,0.004,17.99796735018024,59.295517595593765,No
house395,0.004,18.143828251138896,59.355744025125816,No
house396,0.012,18.043815777821166,59.261161677008666,No
house397,0.012,18.044573906411568,59.26546418688424,No
house398,0.004,17.99905067127629,59.28851562707713,No
house399,0.008,17.949725670385902,59.331486359784265,No
house4,0.044,18.0688809429494,59.44724083296152,No
house400,0.008,17.954398215498724,59.32543132147731,No
house401,0.002,17.956148415528528,59.32221266746956,No
house402,0.02,18.04340069165536,59.259744201281,No
house403,0.002,17.996468460189146,59.28563562450259,No
house404,0.008,18.06516668398527,59.43751237358793,No
house405,0.014,17.943061141762424,59.32688051938061,No
house407,0.222,18.041505809198604,59.26348607593528,No
house408,0.016,17.948217126170906,59.323653977567744,No
house409,0.008,17.992567607404954,59.29056015789815,No
house41,0.05,18.065583489846816,59.450353771375674,No
house410,0.264,18.14308969343152,59.36067108741961,No
house411,0.02,17.987963056330397,59.28316417132483,No
house412,0.004,18.04326797329777,59.2617950539955,No
house413,0.018,17.99459377080684,59.29235157689016,No
house414,0.008,18.066852058882677,59.45495524996402,No
house415,0.026,17.99199163649499,59.28675083703536,No
house416,0.006,17.98952085716791,59.28025845818014,No
house417,0.008,18.1473769847214,59.357809911858205,No
house418,0.008,17.957701670409456,59.32819877830283,No
house419,0.744,17.95556906747477,59.32943347614367,Yes
house42,0.006,17.950409732859566,59.33200690216324,No
house420,0.002,18.142966239054605,59.365745394889345,No
house421,0.018,18.062391315373596,59.44973540501895,No
house423,0.018,18.13767036636375,59.36012802016364,No
house424,0.01,18.1493751095656,59.35912099868636,No
house425,0.012,17.956752722991176,59.33586859590344,No
house426,0.072,17.95384143704574,59.325300447410115,No
house427,0.002,17.950839301112254,59.331323708508876,No
house428,0.016,18.06433124810581,59.44299544612056,No
house429,0.004,18.145409359389774,59.36188054642161,No
house43,0.008,18.063403588926416,59.44282029736869,No
house430,0.018,18.044285427825614,59.25824518827783,No
house431,0.012,18.046280639254643,59.271637728938224,No
house433,0.006,17.953646748790792,59.32923173885305,No
house434,0.156,18.14991332423162,59.36323305008098,No
house435,0.07,18.144658305170182,59.353840771963064,No
house436,0.006,18.14424122860725,59.36079154874849,No
house438,0.012,18.144299298823004,59.360469379358904,No
house439,0.006,18.148182816952062,59.35530155474767,No
house44,0.004,17.99567168602678,59.28617286360889,No
house440,0.01,18.057921016940227,59.44530622907331,No
house441,0.008,18.14687814331562,59.362734139499956,No
house442,0.052,18.062057030155362,59.43583180187896,No
house443,0.106,18.144495426119573,59.36309169592161,No
house444,0.032,18.144187369741566,59.36514652600287,No
house446,0.006,17.95491378327835,59.32024337224812,No
house447,0.01,17.95263366088248,59.327244243504325,No
house449,0.348,17.95469031558146,59.32957424498104,No
house45,0.012,17.993709836803916,59.286582562807055,No
house450,0.008,18.148235412908733,59.35896474188901,No
house451,0.01,17.953667102083433,59.32644708355132,No
house452,0.01,18.146580643482665,59.35523379016506,No
house453,0.008,17.993543822044334,59.287696606700024,No
house454,0.038,17.991889842794368,59.2810316712781,No
house455,0.012,17.993583707748353,59.28623691692888,No
house456,0.01,18.069923857753615,59.441804537649816,No
house457,0.012,18.045718745631472,59.26716051243587,No
house458,0.026,17.992331214984247,59.28609040124095,No
house459,0.008,17.99405803264604,59.28392629551786,No
house46,0.006,18.060751091412705,59.447033484283224,No
house460,0.018,17.950710433152807,59.326571119288374,No
house461,0.006,18.046078100701507,59.25984939891492,No
house462,0.006,18.058295957043416,59.44007618448607,No
house465,0.032,17.954449079147064,59.331200579531384,No
house467,0.008,18.059874986695647,59.446110194433395,No
house468,0.082,18.05360182856319,59.260010832773844,No
house469,0.158,18.043534857489984,59.26406545891393,No
house47,0.038,17.991590995804096,59.29045241344294,No
house470,0.024,17.961540696970093,59.32278963812472,No
house471,0.01,18.065371690244525,59.44342546948285,No
house472,0.016,18.046167539962298,59.265482990669305,No
house473,0.004,18.073234215618864,59.4413835301212,No
house474,0.028,18.14803891027438,59.360374246949526,No
house475,0.01,17.947889430313435,59.327390108896026,No
house476,0.55,18.050194151472695,59.26370762101359,Yes
house478,0.036,17.989662564452786,59.290566350340995,No
house479,0.008,17.950764998879077,59.32492244535001,No
house48,0.07,18.04000113295402,59.26836631965594,No
house480,0.008,18.036603244645963,59.26557832854795,No
house481,0.006,17.951882075657263,59.32884660172199,No
house482,0.012,17.988427391849054,59.29159571723033,No
house483,0.08,18.04900458559121,59.26966950122051,No
house485,0.004,18.050522515270217,59.26151354980437,No
house486,0.052,18.13982149966617,59.35820501075587,No
house487,0.01,17.99701322658026,59.292357808931975,No
house488,0.004,18.139883557389602,59.35509491919948,No
house489,0.282,17.99049225401841,59.287440894207975,No
house49,0.012,17.995238335963236,59.28979587180217,No
house490,0.132,18.145468026832265,59.36164532615644,No
house491,0.014,18.04611295561214,59.2632918849338,No
house493,0.01,18.044690507965605,59.26367431179991,No
house494,0.028,17.954738764992438,59.32771272031252,No
house495,0.014,17.952179586751868,59.33610206675048,No
house498,0.414,18.064246021190325,59.44260012313477,No
house499,0.144,17.947093204133804,59.32472257319328,No
house50,0.028,18.05031895339827,59.25845579382064,No
house500,0.01,17.955022447148426,59.33010471219852,No
house501,0.016,18.061976303706555,59.44138509661582,No
house502,0.002,18.047188220026186,59.26665662101879,No
house503,0.44,18.052331052010302,59.26324859644826,No
house504,0.016,18.04555777565725,59.26169969699706,No
house505,0.008,18.05165160654124,59.26510603193975,No
house506,0.008,18.049247483203,59.26517954396876,No
house507,0.01,18.064609238201648,59.44390440408631,No
house508,0.006,18.14065413856078,59.35811915537378,No
house509,0.018,17.995866208197082,59.28237568415917,No
house51,0.018,17.9592470513063,59.32724023120311,No
house510,0.01,17.949563869025024,59.32966709083414,No
house511,0.006,17.95345216662825,59.32737924845658,No
house512,0.02,18.05752955888278,59.26478874193755,No
house513,0.004,18.062738576634437,59.44268285266517,No
house514,0.12,18.042820520590432,59.268473545651005,No
house515,0.024,17.958637308602455,59.330732484467305,No
house516,0.008,18.137550951074438,59.35712134856044,No
house517,0.018,18.064095075968446,59.447275936421036,No
house518,0.006,17.951413872401474,59.33643765423301,No
house519,0.044,17.98913959878756,59.28958514120479,No
house52,0.006,18.04209062342374,59.27073113140317,No
house520,0.012,17.994621953689645,59.28337320534086,No
house521,0.004,17.96123484248531,59.33188543227444,No
house523,0.012,18.063934239279142,59.43962043600179,No
house524,0.042,17.956720257677883,59.32737054069106,No
house525,0.002,18.062264949544076,59.44793001780351,No
house526,0.014,18.060557449700983,59.44047543884604,No
house527,0.028,18.041349626797718,59.264889347380404,No
house528,0.97,18.068208917573187,59.436902342300534,Yes
house529,0.004,18.061650433989847,59.44452014980545,No
house53,0.008,18.064190163384687,59.44489162217782,No
house530,0.352,17.988351965933013,59.28609014897164,No
house531,0.006,18.14839682868251,59.36189462797982,No
house532,0.072,18.144140103057033,59.36279815760728,No
house533,0.01,17.994216750054267,59.27925680462661,No
house534,0.008,18.04463575969221,59.271095673087,No
house536,0.006,17.990460510727655,59.293300640119334,No
house537,0.01,18.06753327706818,59.448086158790225,No
house538,0.01,18.05865887057553,59.44571622397429,No
house539,0.714,17.990913771786868,59.2837669210573,Yes
house54,0.004,18.040486958683275,59.27106441068912,No
house540,0.018,17.952204310285662,59.33069687054777,No
house542,0.006,18.04460822402015,59.259516444223166,No
house543,0.028,18.063751104207586,59.444474944530405,No
house544,0.128,18.06736211598014,59.439507997887425,No
house545,0.028,17.954058987573713,59.33211052464662,No
house546,0.018,17.955818082324917,59.33312633672461,No
house547,0.14,17.997977243542508,59.28478518959272,No
house548,0.01,18.15076922435761,59.366043464592046,No
house549,0.006,17.955969146910245,59.32557907417351,No
house550,0.004,18.04618061268044,59.27543130974307,No
house552,0.006,18.0665353633602,59.44307323553629,No
house553,0.398,18.146959767276577,59.36162458077392,No
house554,0.014,18.141577537214722,59.36382492644864,No
house555,0.004,18.14204103159337,59.35654239397787,No
house556,0.014,17.953978194039653,59.333880656151585,No
house557,0.136,18.042254244647864,59.25821398011946,No
house558,0.27,18.14904509367361,59.3595236590752,No
house559,0.006,18.062182899476745,59.43821282305741,No
house56,0.022,18.043144934904305,59.26941371352931,No
house560,0.006,17.988737642370804,59.280522661493954,No
house561,0.004,18.14706076128025,59.35974744713868,No
house562,0.476,18.048200926958454,59.2658361891634,No
house563,0.008,18.057659562755084,59.43315232207963,No
house564,0.012,18.060979104589805,59.445117767503476,No
house565,0.03,18.148925023213483,59.36363969638465,No
house566,0.006,18.067632955437748,59.45096209733773,No
house567,0.01,17.950712996577646,59.32983131388884,No
house568,0.014,18.069830343420456,59.447210769189006,No
house569,0.008,17.99326962919704,59.274718005833726,No
house57,0.136,18.073133524352123,59.443953562745506,No
house570,0.024,18.13957085985441,59.36258830164848,No
house572,0.004,18.001342183598034,59.28986147479093,No
house573,0.002,17.988119704260946,59.28046076095321,No
house574,0.096,18.066163528627182,59.439888793801664,No
house576,0.114,18.144219446620472,59.36186380056201,No
house578,0.018,18.07492663536135,59.44053707822291,No
house579,0.006,17.995255611807565,59.289929666250906,No
house58,0.05,17.988959448130515,59.288033368941356,No
house580,0.018,17.99255189665685,59.28705788196784,No
house581,0.006,18.04017740419653,59.26270272569965,No
house582,0.006,17.994284790349013,59.280935084059784,No
house583,0.006,17.990739518332354,59.285335324153785,No
house584,0.008,18.143216861104523,59.366896501735134,No
house585,0.004,17.994221175760615,59.29108189509641,No
house586,0.01,18.153361725361798,59.352018065963605,No
house587,0.016,18.05001300529532,59.26512346295611,No
house588,0.012,18.139571560340926,59.35862145249988,No
house589,0.99,18.045205111180934,59.270477305774975,Yes
house59,0.01,17.95584169468601,59.33221062947399,No
house590,0.008,18.141488263722948,59.363333114345025,No
house591,0.728,18.13988162047988,59.36235172924966,Yes
house592,0.04,17.955934098170424,59.3304371946336,No
house593,0.004,17.989428847025717,59.290642859411825,No
house594,0.01,18.043784303663827,59.25898499215989,No
house595,0.008,18.045433614431417,59.26414903757211,No
house596,0.004,17.990684973141487,59.28759351325221,No
house597,0.078,18.064681995571068,59.44628781408644,No
house599,0.004,17.95135276782974,59.32906678074866,No
house6,0.004,17.997777273244353,59.28204365808118,No
house60,0.004,18.06523789023248,59.44401674263641,No
house600,0.012,17.9599545287257,59.330278884712435,No
house601,0.006,17.955899382089786,59.32435251972996,No
house602,0.012,18.045876604369916,59.270248027254205,No
house603,0.024,18.14269772103629,59.36102235906122,No
house604,0.04,17.955318969421132,59.32724763824405,No
house605,0.002,17.991128598799918,59.2888050950375,No
house606,0.05,17.958455706522717,59.324796364721,No
house607,0.012,18.13921746943658,59.357400988497865,No
house608,0.014,18.151534405814676,59.35882321523388,No
house609,0.788,18.065998079860783,59.4382492099678,Yes
house610,0.002,17.95214290285215,59.33199520085323,No
house611,0.004,18.06700191183208,59.44404450811152,No
house612,0.044,17.98865099659679,59.286278595557874,No
house613,0.008,17.996429036418423,59.28555984661713,No
house614,0.01,18.067542882610752,59.43653231541579,No
house615,0.114,17.952412727997245,59.32668644344936,No
house616,0.136,18.063989730349544,59.443417017949784,No
house617,0.014,18.14572258427258,59.36249959818396,No
house618,0.006,17.962002170755405,59.32746216672238,No
house619,0.012,17.952010051755316,59.334025611420195,No
house62,0.056,17.95356960316568,59.33447029150384,No
house620,0.014,17.958208411652308,59.33454237246754,No
house621,0.008,17.993007744964107,59.28346426544253,No
house622,0.018,18.06021669932856,59.436627028899835,No
house623,0.004,18.043022628045794,59.259138176647994,No
house624,0.372,18.0467779172916,59.27084874635014,No
house625,0.004,17.999588810413773,59.289569715881484,No
house626,0.036,17.9466493463758,59.32590810122959,No
house627,0.006,18.1403664741787,59.35787326499741,No
house628,0.008,18.043459889616052,59.26478225075422,No
house629,0.004,18.06680575506912,59.44410869512049,No
house63,0.006,17.944697568241697,59.330255997929804,No
house630,0.03,17.990564256135485,59.28753039404847,No
house631,0.018,18.14324601464511,59.36207553529502,No
house632,0.008,17.997206459327362,59.28562204250709,No
house633,0.006,18.06394102960772,59.4391498795074,No
house634,0.174,18.064329698048354,59.44479475843288,No
house636,0.008,18.036120967511767,59.26233922025936,No
house637,0.004,17.988309396115415,59.28855866957513,No
house638,0.106,18.046786883711786,59.270130366173255,No
house64,0.284,18.041166269683103,59.276294621299236,No
house640,0.008,18.04381412792279,59.26410449401265,No
house641,0.004,18.140542701333867,59.3599177786257,No
house642,0.006,17.951815417619105,59.33090972818522,No
house643,0.008,17.960348616580365,59.329912027977194,No
house644,0.008,17.990086746405982,59.29049740076579,No
house645,0.008,17.994790523607872,59.28715937175979,No
house646,0.01,18.042248992326765,59.26748954775663,No
house647,0.012,18.044855500172478,59.26694790557584,No
house648,0.01,18.145369339124233,59.36176307134524,No
house649,0.01,18.06837699911693,59.44237170970305,No
house65,0.01,18.048526251700554,59.26426116319088,No
house650,0.006,18.075707187090117,59.443779835018596,No
house651,0.008,17.95225525361734,59.32423256533513,No
house652,0.004,17.951566536661097,59.325627951627,No
house653,0.024,18.051757149921187,59.26712247459902,No
house654,0.006,18.144834218795282,59.355413555802336,No
house655,0.03,18.06319473790084,59.44305709571018,No
house656,0.004,17.95653892956947,59.326502984056674,No
house657,0.004,18.046036320345543,59.2688260963985,No
house658,0.004,18.048238690465038,59.267001715889826,No
house659,0.006,18.059944019424535,59.45022404111455,No
house66,0.01,18.06168590510851,59.447030964775315,No
house660,0.014,17.950491224346766,59.32873910120752,No
house661,0.008,17.98930209565614,59.283709054419425,No
house662,0.006,18.06437542751921,59.44272117702977,No
house663,0.114,17.9951159499178,59.290009784976064,No
house664,0.02,18.042814000836035,59.26057403547575,No
house665,0.012,18.140201278954653,59.361079717661504,No
house666,0.008,17.990695403197986,59.28312222482563,No
house667,0.03,18.148596996085583,59.3604794185056,No
house668,0.012,17.95111431596501,59.32078508206066,No
house669,0.01,17.95849495728609,59.33452621326657,No
house67,0.046,18.047980283266796,59.259502810315155,No
house671,0.004,17.994208757346478,59.285762658360525,No
house672,0.026,18.143787320518893,59.35670983284907,No
house673,0.008,17.99112797562627,59.28802607500505,No
house674,0.018,18.068099399911016,59.44015561385901,No
house675,0.01,18.14390712881893,59.361205545898265,No
house676,0.008,17.98790872308288,59.287759746444905,No
house677,0.004,18.150138813936746,59.35977412749691,No
house678,0.014,18.061863733763747,59.4399697058626,No
house679,0.002,17.952956225719237,59.338406926770574,No
house68,0.004,17.99628983501606,59.284175112228866,No
house680,0.006,18.045286761984485,59.26553426223638,No
house681,0.168,18.043046550840792,59.26674032610452,No
house682,0.506,18.146122515692436,59.36097491540342,Yes
house683,0.3,17.989155170666727,59.28786132219863,No
house684,0.012,18.048348630941042,59.26307624747699,No
house685,0.024,17.99294248800089,59.28380683218482,No
house686,0.01,17.99151015730486,59.289155381650914,No
house687,0.01,18.039334537574994,59.263578009955296,No
house688,0.016,18.063119266600275,59.43822997097975,No
house689,0.004,18.068903124441384,59.43834229740586,No
house69,0.006,17.990684402373045,59.28778983524205,No
house690,0.006,17.955587739982786,59.325071898173185,No
house691,0.006,17.95115829127231,59.326244022283845,No
house692,0.01,17.99231332845195,59.288903338061466,No
house694,0.044,18.040571363549777,59.26090459568087,No
house695,0.016,18.148059300072106,59.362272179530486,No
house696,0.01,18.04528761000632,59.26895402327762,No
house697,0.01,17.960727783606963,59.33539807657669,No
house698,0.014,18.04723524513245,59.25848333273979,No
house699,0.01,18.03760872153514,59.26430032819586,No
house7,0.006,18.149265910480793,59.3608150192374,No
house70,0.004,18.149084381130187,59.359013232287765,No
house700,0.066,17.956022790057887,59.321406820775714,No
house701,0.012,18.063517112429228,59.44009951495908,No
house702,0.006,18.067377509430806,59.44349087476247,No
house703,0.002,18.062343860616124,59.443924196804915,No
house704,0.006,18.046839212370152,59.26186572162465,No
house705,0.018,18.05199346567324,59.268047693434056,No
house707,0.006,18.066721576959676,59.44453937753209,No
house708,0.002,18.061755877049475,59.44337539480538,No
house709,0.054,18.14094074648005,59.35710457321893,No
house71,0.006,17.995937048745134,59.28679054961374,No
house710,0.148,17.954656413241132,59.331561467764274,No
house711,0.016,18.041012274222513,59.27062843399141,No
house712,0.57,17.993116330824545,59.29256351142496,Yes
house713,0.006,18.068200369623433,59.445365531864304,No
house714,0.008,18.06273635822099,59.44817656265451,No
house715,0.004,18.063082097082944,59.43988996697243,No
house716,0.002,17.988838522160396,59.29204081035027,No
house718,0.01,18.04253981103642,59.26853141436005,No
house719,0.004,17.949212339198912,59.33266262176735,No
house720,0.178,17.946329675522886,59.32628040515859,No
house721,0.004,17.992495385537065,59.28823212518633,No
house722,0.028,17.99465412634922,59.281454827889164,No
house723,0.028,17.952630133799527,59.327719963302826,No
house724,0.01,17.99376820884555,59.284644338918824,No
house725,0.01,18.05722867330657,59.4448158519995,No
house727,0.008,18.058258411269172,59.44321118882731,No
house728,0.004,17.99261699963497,59.28160695957708,No
house729,0.004,18.042168813749758,59.265822769020936,No
house73,0.014,18.072633515717403,59.44419246071335,No
house730,0.006,18.14577931468402,59.360817142613136,No
house731,0.01,17.95016886478302,59.333793094466124,No
house732,0.022,18.05545541200016,59.26587520732869,No
house733,0.012,18.146396574383306,59.36452290500233,No
house734,0.002,18.14479835058258,59.355045448442496,No
house735,0.008,18.049263884491545,59.2650895290376,No
house736,0.008,18.14652338229729,59.360074883412565,No
house737,0.004,18.04326395507728,59.267699285870066,No
house739,0.046,18.146354483483478,59.360705521883,No
house74,0.034,18.053021387240364,59.26617675416899,No
house740,0.012,18.067414087127478,59.4470070876007,No
house741,0.01,18.06221485460042,59.44281214033879,No
house743,0.022,18.146431178364697,59.36298713247754,No
house745,0.43,17.95557619946409,59.326362667915184,No
house747,0.012,17.992715276489683,59.28060387028095,No
house748,0.046,18.06048374813946,59.44491062434107,No
house749,0.008,18.04836863082459,59.27126552403171,No
house75,0.012,17.99495881851665,59.29144662399776,No
house750,0.008,17.992409982320414,59.291525148363114,No
house751,0.006,18.042843249610574,59.268074664771575,No
house752,0.008,17.99466680788056,59.28738618817126,No
house753,0.004,17.997798247558357,59.283505781424886,No
house755,0.006,17.956982243034478,59.32873957804534,No
house756,0.006,18.051191256952077,59.26573050089317,No
house757,0.014,18.142322678625973,59.35809449878129,No
house758,0.01,17.99078753424002,59.28615271456632,No
house759,0.004,18.069537667529435,59.44106971282461,No
house76,0.004,18.14236047167779,59.36089408894723,No
house761,0.008,18.15535598354428,59.36047360418725,No
house762,0.03,18.071070936348956,59.44303492844334,No
house763,0.018,17.994543322902523,59.28201599439133,No
house764,0.01,17.995574914406635,59.289854053042276,No
house766,0.008,18.061126445503955,59.44298382315435,No
house767,0.01,18.056224634320692,59.2581085058092,No
house769,0.022,18.065030467084203,59.44579964562018,No
house77,0.024,18.14524951634732,59.363822064593414,No
house770,0.038,18.065326319061267,59.443498453693515,No
house773,0.018,18.074113190844862,59.44999018418077,No
house774,0.006,18.04372764557852,59.267709825338265,No
house775,0.006,18.150392735864298,59.36648764721047,No
house777,0.306,17.95709015734537,59.32887214491611,No
house778,0.008,17.99137142077427,59.2887979875856,No
house779,0.012,17.95125712007869,59.33098643161519,No
house78,0.138,18.041756105380944,59.26583978320486,No
house780,0.004,17.952371457892134,59.33489892141404,No
house781,0.004,17.95881763824799,59.317975565427744,No
house782,0.004,18.042270063405997,59.264022276604884,No
house783,0.026,17.985276533702272,59.28665925880562,No
house784,0.012,18.14360879112109,59.36014725681996,No
house785,0.004,18.145626117605733,59.361933987626415,No
house786,0.008,18.038938182583266,59.26969886166608,No
house787,0.078,18.066863578197953,59.440612760220944,No
house788,0.004,18.143635186674818,59.356315388761324,No
house789,0.02,18.145499441673266,59.3616645421093,No
house79,0.008,18.044538477088267,59.26623160885557,No
house790,0.034,18.06468507943503,59.44480249450293,No
house791,0.1,17.98724378970518,59.2878823432153,No
house792,0.01,18.043223906476886,59.262596665673136,No
house793,0.01,18.13931845353926,59.35357487246122,No
house795,0.014,18.049548802467278,59.25998970968792,No
house796,0.028,18.049046595741448,59.262235918962496,No
house797,0.004,18.05971157998299,59.447541373593644,No
house798,0.008,18.046977420591727,59.26804481121138,No
house799,0.004,18.067029040822195,59.44245765221414,No
house8,0.014,17.958383701798116,59.332106623201405,No
house80,0.01,17.99823028054377,59.287911110028276,No
house800,0.012,17.9541254674424,59.332740420629115,No
house802,0.114,18.03897029377313,59.2587043927307,No
house803,0.03,18.047223998098236,59.264210133599285,No
house804,0.004,17.99559308672641,59.28860621947716,No
house805,0.046,18.050651946481665,59.26588877913053,No
house806,0.008,17.99196558970887,59.29441874373512,No
house807,0.054,17.996480225961875,59.29270755966884,No
house809,0.254,18.044133837884374,59.26354380166563,No
house81,0.006,17.987213631644337,59.285364725666206,No
house810,0.02,17.99880171473412,59.290041170138764,No
house811,0.002,18.055950098257945,59.43795834458016,No
house812,0.006,18.14022166173999,59.36087633820659,No
house813,0.032,17.955199307541438,59.32763274767608,No
house814,0.014,18.05745739944342,59.45144373655199,No
house815,0.428,18.15101613379214,59.35471568036854,No
house816,0.008,18.04814491925068,59.27067379425539,No
house817,0.004,18.058123218388346,59.25831110909811,No
house818,0.008,18.044610189717773,59.26331555252266,No
house819,0.006,18.07258879897334,59.44672699372844,No
house82,0.01,18.14411626541631,59.362988910082485,No
house820,0.262,17.992397044626358,59.28835733394984,No
house821,0.016,18.143816949715944,59.36344634201753,No
house822,0.086,18.047246229779923,59.264479948443714,No
house823,0.026,18.135810768955483,59.35913569004715,No
house824,0.014,18.045404400330487,59.26896541087347,No
house825,0.022,18.00334135939024,59.28818827112346,No
house826,0.02,17.954788910507517,59.33049348296839,No
house827,0.008,17.95364501643083,59.3269198290753,No
house828,0.022,17.997577494681433,59.293147570076584,No
house829,0.016,18.147992023214982,59.366846525836486,No
house83,0.004,17.945772913400333,59.32526415409085,No
house830,0.012,17.948340118392558,59.32672172981148,No
house831,0.01,18.062791420668113,59.44378406055041,No
house832,0.01,18.146581921608465,59.35946771247796,No
house833,0.038,18.048232595162286,59.266841431144684,No
house834,0.006,17.949682398253646,59.33680394261173,No
house835,0.004,18.06365547278233,59.44320415986596,No
house836,0.008,18.14167841988097,59.36084498349747,No
house837,0.068,17.95707666261941,59.31933708007925,No
house838,0.102,18.13935466498921,59.35802016787336,No
house84,0.036,18.147170777814118,59.364514433966455,No
house840,0.008,18.1493560636389,59.36905880472651,No
house841,0.006,17.98980749206403,59.29057516137057,No
house842,0.022,18.0634379047431,59.43725705188546,No
house843,0.002,17.99354338175548,59.28548388988038,No
house844,0.226,18.063543646980623,59.44525377384666,No
house845,0.006,17.9951007879864,59.28391320504454,No
house846,0.034,18.143300943739852,59.36410130112625,No
house847,0.006,17.99000775009826,59.288056694253996,No
house848,0.014,18.144588931177683,59.36173371585935,No
house849,0.41,18.070324594749678,59.43632543743633,No
house85,0.716,17.982898492283024,59.285774882533524,Yes
house850,0.006,18.146954281227732,59.3636806466664,No
house851,0.022,18.064017556441762,59.44173804255199,No
house852,0.034,18.067251664118377,59.44809076934162,No
house853,0.004,18.14413809119161,59.364212988251055,No
house854,0.004,17.954195832073903,59.32560518483744,No
house855,0.002,17.989628806625912,59.28774144105889,No
house858,0.002,17.956915253310655,59.33196915567194,No
house86,0.004,17.949589228916867,59.32879956527571,No
house860,0.008,18.14757717875609,59.36264440325035,No
house861,0.026,17.989009011184397,59.28720648796798,No
house862,0.02,17.95715090082821,59.33158779678517,No
house863,0.018,18.06739366037925,59.44728688253787,No
house864,0.106,18.064495295340723,59.44463377658246,No
house865,0.01,17.991813870699364,59.287092903031116,No
house866,0.01,18.059799021556724,59.44073343171504,No
house867,0.016,17.950994702305895,59.33325227819994,No
house869,0.03,18.06563814737605,59.442870671355806,No
house870,0.01,18.15187772575945,59.36838507190055,No
house871,0.006,18.06479494509238,59.44609378312902,No
house872,0.04,17.991598746299623,59.285907974026124,No
house873,0.004,17.994617109182887,59.28984714553955,No
house874,0.182,18.046648412836408,59.26406308962154,No
house875,0.008,18.06502167683442,59.444309354041906,No
house876,0.008,18.142313480331413,59.36064846601694,No
house877,0.008,17.997858513724033,59.28239733635115,No
house878,0.008,18.041728238558626,59.26322409692733,No
house879,0.012,17.99605675142388,59.28241987792485,No
house88,0.016,18.045531090889444,59.26079183779066,No
house880,0.008,18.066979487145645,59.4493633983025,No
house882,0.146,18.053138608920822,59.26908457135223,No
house883,0.024,18.072159455335054,59.44122979208151,No
house884,0.01,18.04986754529236,59.2652949697146,No
house885,0.012,18.14335898745115,59.35282515439119,No
house886,0.006,18.152384503851845,59.36113499592112,No
house887,0.008,18.06065676814163,59.44051263465853,No
house888,0.004,18.14308097364741,59.35602239623788,No
house889,0.084,18.134930647029364,59.36253003155696,No
house89,0.004,18.04293435153173,59.267002888883965,No
house890,0.006,18.072669942525486,59.44686833611966,No
house891,0.022,17.984569116163478,59.29135851843411,No
house892,0.016,18.065221471660635,59.444161635781334,No
house893,0.008,17.98850366774673,59.29029975793669,No
house894,0.056,18.04480848955449,59.26415803316238,No
house895,0.004,17.953536747427847,59.32930907784749,No
house896,0.068,18.04599097621811,59.26499699903759,No
house897,0.082,17.98991705345758,59.28468208747968,No
house898,0.098,18.066597855949116,59.443123113971474,No
house899,0.014,18.042745899793434,59.26375215026723,No
house90,0.01,18.045770734456845,59.26335682116643,No
house900,0.014,17.998966778230383,59.286440466572415,No
house902,0.004,18.143645961695093,59.36021191314367,No
house903,0.006,17.960997606787625,59.321814793652834,No
house904,0.068,17.95184173379381,59.32799102480081,No
house906,0.004,18.141440652141192,59.36389681954125,No
house907,0.024,17.99204026886237,59.28235107571841,No
house908,0.012,17.958411841708852,59.326820723539136,No
house909,0.028,18.143624419102665,59.360292514803874,No
house91,0.008,17.94896899977605,59.33153447321778,No
house911,0.026,18.151666639550438,59.35432074183739,No
house912,0.004,17.992041742276946,59.28284386554718,No
house914,0.11,18.048416742634288,59.2591333665431,No
house915,0.008,17.94895474374218,59.324788455493376,No
house916,0.018,18.145151195811106,59.358486193439354,No
house918,0.032,17.94895934968932,59.329203036246476,No
house919,0.006,17.992701186261346,59.289900971143005,No
house92,0.056,18.062089171620176,59.4445554195252,No
house920,0.032,18.142654624191753,59.36077712177094,No
house921,0.008,18.150890815546195,59.36131501953079,No
house922,0.07,18.070660852524966,59.44441131102371,No
house923,0.016,18.067433244538808,59.44744254026915,No
house924,0.022,18.137578787499898,59.36275208669132,No
house925,0.008,18.04152482096831,59.25657941415839,No
house926,0.024,18.00170094249687,59.29089317924671,No
house927,0.012,18.146128479150203,59.35660315037376,No
house928,0.25,17.99407902077105,59.286520344934736,No
house929,0.004,18.050951363414843,59.263642289351424,No
house93,0.02,17.99755202102211,59.28972780151588,No
house930,0.054,17.959607903464537,59.32478051216888,No
house931,0.004,18.06508894836345,59.44576213456369,No
house932,0.006,17.99649176473153,59.28814235455485,No
house933,0.008,17.956950352878337,59.32548634538834,No
house934,0.022,18.04457141514491,59.25919323195803,No
house935,0.012,18.048104229080504,59.25524013942994,No
house936,0.218,18.148495379608164,59.35894818671817,No
house937,0.032,18.062177078298088,59.442602367700644,No
house938,0.002,18.064372114840936,59.44698547222272,No
house939,0.008,17.988610324777977,59.28912957938302,No
house94,0.016,18.06980384050905,59.447088598918626,No
house940,0.044,18.057522459115983,59.443372426441606,No
house943,0.008,18.069490286543925,59.442596433237554,No
house944,0.008,18.049492568121554,59.26310390060028,No
house945,0.012,17.9552084956313,59.33376392705709,No
house946,0.032,18.04252979512756,59.263772670330184,No
house947,0.002,18.146055375244867,59.357089244956974,No
house948,0.012,18.062133836723138,59.44623814176736,No
house949,0.014,18.150837910844793,59.361933812511374,No
house95,0.01,18.06677575218309,59.4414060416198,No
house950,0.006,17.952014537879595,59.33379209001031,No
house951,0.1,17.950020063961322,59.32296799778008,No
house952,0.024,18.050667866710185,59.265185205420686,No
house953,0.77,18.06234966629017,59.44122439258312,Yes
house954,0.02,18.147815045996722,59.36136522914839,No
house955,0.01,18.042668543049338,59.257769307287994,No
house956,0.008,18.045296458307824,59.26106937593824,No
house957,0.004,18.044995059031827,59.26567494546402,No
house958,0.054,18.04623817856238,59.261027774910936,No
house959,0.008,17.95512867485281,59.33411357392569,No
house96,0.572,17.956052387930487,59.3276856447117,Yes
house960,0.19,17.98263420442419,59.28768492267566,No
house962,0.01,18.05994011403413,59.43632287090543,No
house963,0.014,18.040595292039157,59.26804539778744,No
house964,0.004,18.066374726636713,59.444559485693304,No
house965,0.006,17.953817202439446,59.33267896510622,No
house966,0.004,18.06084281729239,59.44201750925721,No
house967,0.008,17.952278312020425,59.33237152803068,No
house969,0.006,17.989189512702964,59.28979579626095,No
house97,0.022,18.143417231821175,59.35978266871056,No
house970,0.006,17.993500229106306,59.27882520190452,No
house971,0.012,17.987414106801488,59.287383689315384,No
house972,0.004,18.040625028450982,59.264017389377415,No
house973,0.05,17.992686046530654,59.28207812609403,No
house974,0.004,17.989355359247217,59.29244808563094,No
house975,0.002,17.94917355582453,59.337277096849185,No
house976,0.01,18.13522407707701,59.36052048948635,No
house977,0.032,18.05874707295901,59.43221823723183,No
house978,0.006,18.038806069708127,59.26554095871477,No
house979,0.292,18.063011398463864,59.4432315964254,No
house98,0.01,17.953367588127968,59.335711157530525,No
house980,0.012,18.143472603393043,59.359598150812836,No
house981,0.062,17.957339250588113,59.33234040553885,No
house982,0.004,17.9513705839692,59.32926231881172,No
house983,0.01,18.148762781445427,59.34884009257028,No
house984,0.048,18.044834671314277,59.26071558426704,No
house986,0.01,17.95567227752926,59.33186501145222,No
house987,0.016,18.051293089455342,59.26157189582747,No
house988,0.27,17.951913849449856,59.337802729110756,No
house989,0.018,18.070637311277434,59.44593665483782,No
house99,0.008,17.96080370512414,59.33230999556979,No
house991,0.016,18.14285081291911,59.35937422033395,No
house992,0.014,18.042220920432275,59.26039008433215,No
house993,0.014,17.989761228315047,59.288947418012356,No
house994,0.01,18.148497111251213,59.357257218704106,No
house996,0.01,18.04623163225841,59.263712604128436,No
house997,0.162,17.99874556945059,59.288853150500024,No
house999,0.866,17.95347141629407,59.33005682295287,Yes
